model,f1_macro,precision,recall,roc_auc
Random Forest,0.7562273530139406,0.6217948717948718,0.5785288270377733,0.8693339960238567
Gradient Boosting,0.7419720749279806,0.4949874686716792,0.7852882703777336,0.8687326491501441
LR + description NLP-lite,0.722893456572213,0.46462264150943394,0.7833001988071571,0.8572197445954901
Logistic Regression (baseline),0.7211558551095743,0.46064814814814814,0.7912524850894632,0.8592436372754464
LR + description embeddings,0.6975343398212792,0.43614457831325304,0.7196819085487077,0.8324369100711049
Always-0,0.4491199676309933,0.0,0.0,
Always-1,0.15592064476131431,0.1847227322805729,1.0,
