model,f1,f1_macro,precision,recall,roc_auc
Random Forest,0.5963855421686747,0.7590724908196429,0.6111111111111112,0.5823529411764706,0.8747513553720276
Gradient Boosting,0.5949090909090909,0.738933847828994,0.4728323699421965,0.8019607843137255,0.8732518193041784
Logistic Regression (baseline),0.5614035087719298,0.7108393296224224,0.4279835390946502,0.8156862745098039,0.8646510540078369
LR + description NLP-lite,0.5530764029749831,0.7055392756013477,0.42208462332301344,0.8019607843137255,0.8629333548045732
LR + description embeddings,0.5267489711934157,0.689593476186956,0.4050632911392405,0.7529411764705882,0.8374400914061363
Always-1,0.2851551579535924,0.1425775789767962,0.1662862732311705,1.0,
Always-0,0.0,0.45465860597439545,0.0,0.0,
